{"cameraMode":{"drawMode":0,"name":"Shaded","section":"Shading Mode"},"sceneLighting":false,"audioPlay":false,"sceneViewState":{"m_AlwaysRefresh":false,"showFog":true,"showSkybox":false,"showFlares":true,"showImageEffects":true,"showParticleSystems":true,"showVisualEffectGraphs":true,"m_FxEnabled":true},"in2DMode":false,"pivot":{"x":0.03437447547912598,"y":0.47048577666282656,"z":-0.0011137723922729493},"rotation":{"x":0.11138834059238434,"y":0.8873876333236694,"z":-0.2906281054019928,"w":0.34010791778564455},"size":6.9094157218933109,"orthographic":false}