{"cameraMode":{"drawMode":0,"name":"Shaded","section":"Shading Mode"},"sceneLighting":false,"audioPlay":false,"sceneViewState":{"m_AlwaysRefresh":false,"showFog":true,"showSkybox":false,"showFlares":true,"showImageEffects":true,"showParticleSystems":true,"showVisualEffectGraphs":true,"m_FxEnabled":true},"in2DMode":false,"pivot":{"x":0.0012375116348266602,"y":0.5172301530838013,"z":-0.0012375116348266602},"rotation":{"x":0.12323703616857529,"y":-0.23520268499851228,"z":0.030079463496804239,"w":0.9636275768280029},"size":3.2655248641967775,"orthographic":false}