{"cameraMode":{"drawMode":0,"name":"Shaded","section":"Shading Mode"},"sceneLighting":true,"audioPlay":false,"sceneViewState":{"m_AlwaysRefresh":false,"showFog":true,"showSkybox":true,"showFlares":true,"showImageEffects":true,"showParticleSystems":true,"showVisualEffectGraphs":true,"m_FxEnabled":true},"in2DMode":false,"pivot":{"x":-15.909131050109864,"y":20.27131462097168,"z":-32.77632141113281},"rotation":{"x":0.5825766324996948,"y":-0.002438317984342575,"z":0.0017477353103458882,"w":0.8127709031105042},"size":11.647287368774414,"orthographic":false}