{"cameraMode":{"drawMode":0,"name":"Shaded","section":"Shading Mode"},"sceneLighting":true,"audioPlay":false,"sceneViewState":{"m_AlwaysRefresh":false,"showFog":true,"showSkybox":true,"showFlares":true,"showImageEffects":true,"showParticleSystems":true,"showVisualEffectGraphs":true,"m_FxEnabled":true},"in2DMode":false,"pivot":{"x":748.8265380859375,"y":275.1192626953125,"z":35.024932861328128},"rotation":{"x":0.1260114163160324,"y":0.010464637540280819,"z":-0.0013086016988381744,"w":0.992394745349884},"size":463.7625732421875,"orthographic":false}