{"cameraMode":{"drawMode":0,"name":"Shaded","section":"Shading Mode"},"sceneLighting":true,"audioPlay":false,"sceneViewState":{"m_AlwaysRefresh":false,"showFog":true,"showSkybox":true,"showFlares":true,"showImageEffects":true,"showParticleSystems":true,"showVisualEffectGraphs":true,"m_FxEnabled":true},"in2DMode":false,"pivot":{"x":-2.822528839111328,"y":55.05885314941406,"z":139.40728759765626},"rotation":{"x":-0.05623776093125343,"y":-0.15310092270374299,"z":0.0073855118826031689,"w":-0.9872342348098755},"size":66.10884857177735,"orthographic":false}