{"cameraMode":{"drawMode":0,"name":"Shaded","section":"Shading Mode"},"sceneLighting":true,"audioPlay":false,"sceneViewState":{"m_AlwaysRefresh":false,"showFog":true,"showSkybox":true,"showFlares":true,"showImageEffects":true,"showParticleSystems":true,"showVisualEffectGraphs":true,"m_FxEnabled":true},"in2DMode":false,"pivot":{"x":29.721406936645509,"y":47.74034118652344,"z":50.137786865234378},"rotation":{"x":0.19247016310691834,"y":-0.08378740400075913,"z":0.01649642176926136,"w":0.9775806069374085},"size":55.925071716308597,"orthographic":false}